{
  "target": "npv",
  "rows": 800,
  "r2_train": 0.9387884890917523,
  "r2_test": 0.5749615371925048,
  "mae_train": 1423383.125844109,
  "mae_test": 4369334.082341002
}