{
  "target": "resilience_100",
  "rows": 2500,
  "r2_train": 0.9470418844744297,
  "r2_test": 0.7169982471174572,
  "mae_train": 1.3270604418340985,
  "mae_test": 3.008360708639666
}